category,supplier_name,location,products
Electrical Equipment,Foshan Industrial Solutions,South Korea,CNC Machine
Electrical Equipment,Guangzhou Machinery Works,Japan,Power Transformer
Industrial Machinery,"Shenzhen Industrial Co., Ltd",Vietnam,Electric Switchgear
Industrial Machinery,"Shenzhen Industrial Co., Ltd",USA,Electric Switchgear
Industrial Machinery,Shanghai Mechanical Corp,Germany,CNC Machine
Electrical Equipment,Foshan Industrial Solutions,South Korea,Control Panel
Electrical Equipment,Shanghai Mechanical Corp,South Korea,Electric Switchgear
Industrial Machinery,Zhejiang Electric Systems,USA,Power Transformer
Electrical Equipment,Ningbo Power Equipment,South Korea,Electric Switchgear
Electrical Equipment,Guangzhou Machinery Works,China,Electric Switchgear
Industrial Machinery,Guangzhou Machinery Works,USA,Industrial Motor
Electrical Equipment,Ningbo Power Equipment,Germany,Electric Switchgear
Electrical Equipment,Ningbo Power Equipment,USA,Hydraulic Pump
Industrial Machinery,Jiangsu Automation Ltd,India,Industrial Motor
Electrical Equipment,Ningbo Power Equipment,South Korea,CNC Machine
Electrical Equipment,Jiangsu Automation Ltd,South Korea,Electric Switchgear
Electrical Equipment,Dongguan Heavy Industries,Japan,Hydraulic Pump
Industrial Machinery,Zhejiang Electric Systems,Vietnam,CNC Machine
Industrial Machinery,Ningbo Power Equipment,India,Power Transformer
Industrial Machinery,Dongguan Heavy Industries,South Korea,Hydraulic Pump
Industrial Machinery,"Shenzhen Industrial Co., Ltd",China,Hydraulic Pump
Industrial Machinery,Shanghai Mechanical Corp,South Korea,Electric Switchgear
Industrial Machinery,Guangzhou Machinery Works,USA,Industrial Motor
Electrical Equipment,Ningbo Power Equipment,South Korea,Industrial Motor
Electrical Equipment,Zhejiang Electric Systems,South Korea,Electric Switchgear
Industrial Machinery,Foshan Industrial Solutions,USA,Power Transformer
Electrical Equipment,Guangzhou Machinery Works,India,Industrial Motor
Electrical Equipment,"Shenzhen Industrial Co., Ltd",Japan,CNC Machine
Electrical Equipment,"Shenzhen Industrial Co., Ltd",China,Electric Switchgear
Electrical Equipment,Guangzhou Machinery Works,Japan,Industrial Motor
Industrial Machinery,Zhejiang Electric Systems,China,Industrial Motor
Industrial Machinery,"Shenzhen Industrial Co., Ltd",Germany,Power Transformer
Electrical Equipment,Shanghai Mechanical Corp,China,Power Transformer
Industrial Machinery,Shanghai Mechanical Corp,Japan,Hydraulic Pump
Electrical Equipment,Foshan Industrial Solutions,India,CNC Machine
Industrial Machinery,Jiangsu Automation Ltd,Japan,Power Transformer
Electrical Equipment,Shanghai Mechanical Corp,China,Control Panel
Electrical Equipment,Foshan Industrial Solutions,Germany,Industrial Motor
Electrical Equipment,Shanghai Mechanical Corp,Germany,Electric Switchgear
Electrical Equipment,Shanghai Mechanical Corp,USA,Power Transformer
Electrical Equipment,Jiangsu Automation Ltd,Vietnam,Electric Switchgear
Industrial Machinery,Foshan Industrial Solutions,South Korea,Industrial Motor
Industrial Machinery,Foshan Industrial Solutions,China,Hydraulic Pump
Electrical Equipment,"Shenzhen Industrial Co., Ltd",Vietnam,Industrial Motor
Electrical Equipment,Shanghai Mechanical Corp,Vietnam,Electric Switchgear
Industrial Machinery,Jiangsu Automation Ltd,South Korea,Industrial Motor
Electrical Equipment,Ningbo Power Equipment,USA,CNC Machine
Electrical Equipment,Shanghai Mechanical Corp,Japan,Electric Switchgear
Industrial Machinery,Foshan Industrial Solutions,USA,Power Transformer
Industrial Machinery,Jiangsu Automation Ltd,Vietnam,Electric Switchgear
